1,galaxy samsung sales million smartphone company
2,shields mrs family white great obama
3,cyprus bank loan company cypriot anastasiades
4,obama pot maraniss smoking choom gang
5,convention told show years park stage
6,samsung exynos mobile high video power
7,government greece bailout party election syriza
8,families military people isis lady women
9,obama mrs white black hospital nordyke
10,euro greece debt billion rights zone
11,abaaoud belgian belgium brother attacks intelligence
12,battery power life mode gs display
13,paris attacks state hollande france french
14,league liverpool uefa clubs english united
15,obama lady kids michelle white food
16,real city robinho swansea side save
17,download percent booster carriers book data
18,phone fingerprint sensor don ll camera
19,michelle obama chicago service university community
20,michelle world met president told media
21,samsung gs phone scanner back galaxy
22,league premier rights season deal clubs
23,clubs premiership club income united division
24,japan quake tsunami nuclear earthquake power
25,world time people business group british
26,galaxy samsung phone camera screen sensor
27,mr samaras greece greek european minister
28,samsung camera focus good light make
29,uk born south abroad full squad
30,obama michelle mrs husband campaign mr
31,players liverpool manchester france season foreign
32,paris abdeslam attacks police man salah
33,teams lottery draft team pick worst
34,players english england squad summer end
35,chelsea club league year newcastle transfer
36,nbc soccer sports million players tv
37,image galaxy camera noise images detail
38,black fashion obama models white cover
39,samsung android google devices smartphone galaxy
40,area miles objects km satellite kan
41,eu system detection schengen information intelligence
42,active alpha samsung galaxy sport sprint
43,barack campaign girls family president working
44,don day ve run put good
45,search malaysia plane airlines flight air
46,plane flight ocean data indian australian
47,france people french concert stadium de
48,funnye voltaire boulevard jewish black jews
49,people police mr wednesday victims alert
50,obama mother years chicago life monday
